{"cameraMode":{"drawMode":0,"name":"Shaded","section":"Shading Mode"},"sceneLighting":true,"audioPlay":false,"sceneViewState":{"showFog":true,"showMaterialUpdate":true,"showSkybox":true,"showFlares":true,"showImageEffects":true,"showParticleSystems":true},"in2DMode":false,"pivot":{"x":1631.80517578125,"y":263.57586669921877,"z":1636.95458984375},"rotation":{"x":-0.08893168717622757,"y":0.08977793902158737,"z":-0.00811717938631773,"w":-0.9920358657836914},"size":46.72373962402344,"orthographic":false}